q,trait,reverse
אני מקפיד לבדוק את העבודה שלי פעמיים גם כשיש לחץ זמן.,Conscientiousness,FALSE
אני מרגיש בנוח לקחת הובלה כשלאף אחד אחר אין מושג מה לעשות.,Extraversion,FALSE
קשה לי מאוד לקבל ביקורת מאנשים שצעירים ממני.,Agreeableness,TRUE
אני נשאר רגוע לחלוטין גם כשאני נמצא בסיטואציה חברתית מתוחה.,Emotionality,TRUE
"אם אוכל להרוויח סכום כסף גדול בדרך לא אתית אך חוקית, אעשה זאת.",Honesty-Humility,TRUE
אני נהנה לפתור בעיות לוגיות מורכבות בזמני הפנוי.,Openness to Experience,FALSE
"כשאני עושה טעות, אני מודה בה מיד ולא מנסה להסתיר אותה.",Honesty-Humility,FALSE
אני נוטה לאבד את הריכוז כשהמשימה הופכת למונוטונית.,Conscientiousness,TRUE
אני מעדיף לעבוד לבד מאשר לשתף פעולה עם קבוצה.,Extraversion,TRUE
קל לי מאוד להבין מה אדם אחר מרגיש רק לפי מבט בפניו.,Emotionality,FALSE
אני תמיד מחפש דרכים חדשות לייעל את צורת העבודה שלי.,Openness to Experience,FALSE
אני מאמין שכללים נועדו עבור אנשים שאין להם שיקול דעת עצמאי.,Honesty-Humility,TRUE
"גם כשאני כועס מאוד, אני לא מרים את הקול על אנשים אחרים.",Agreeableness,FALSE
אני דואג לגבי דברים שאולי יקרו בעתיד הרחוק.,Emotionality,FALSE
אני תמיד מגיע לפגישות כמה דקות לפני הזמן.,Conscientiousness,FALSE
אני די אשתעמם מביקור בגלריה לאומנות.,Openness to Experience,TRUE
"אני מתכנן קדימה ומארגן את הדברים, כדי להימנע מערבול ברגע האחרון.",Conscientiousness,FALSE
"אני כמעט ולא שומר טינה, גם נגד אנשים שעשו לי עוול קשה.",Agreeableness,FALSE
באופן כללי אני מרגיש מרוצה למדי מעצמי.,Extraversion,FALSE
הייתי מרגיש מפוחד אם הייתי צריך לנסוע בתנאי מזג אוויר גרועים.,Emotionality,FALSE
לא הייתי משתמש בחנופה כדי לקבל העלאה במשכורת או קידום.,Honesty-Humility,FALSE
אני מעוניין ללמוד על ההיסטוריה והפוליטיקה של מדינות אחרות.,Openness to Experience,FALSE
לעתים קרובות כשאני מנסה להשיג מטרה אני דוחף את עצמי קשה מאוד.,Conscientiousness,FALSE
אנשים לפעמים אומרים לי שאני ביקורתי מדי כלפי אחרים.,Agreeableness,TRUE
אני כמעט ולא מביע את הדעות שלי במפגשים קבוצתיים.,Extraversion,TRUE
לפעמים אני לא יכול שלא לדאוג לגבי דברים קטנים.,Emotionality,FALSE
"אם אדע שלעולם לא יתפסו אותי, הייתי מוכן לגנוב מיליון דולר.",Honesty-Humility,TRUE
"אני אהנה ליצור יצירת אמנות, כמו לכתוב רומן, שיר או ציור.",Openness to Experience,FALSE
"כאשר אני עובד על משהו, אני לא מקדיש תשומת לב רבה מידי לפרטים קטנים.",Conscientiousness,TRUE
אנשים לפעמים אומרים לי שאני עקשן מדי.,Agreeableness,TRUE
אני מעדיף מקומות עבודה שכוללים אינטראקציה חברתית פעילה.,Extraversion,FALSE
"כאשר אני סובל מחוויה מכאיבה, אני צריך מישהו שיגרום לי להרגיש בנוח.",Emotionality,FALSE
שיהיה לי הרבה כסף זה לא משהו שחשוב לי באופן מיוחד.,Honesty-Humility,FALSE
אני חושב שלהקדיש תשומת לב לרעיונות רדיקליים זה בזבוז הזמן.,Openness to Experience,TRUE
אני מקבל החלטות על סמך התחושה של הרגע ולא על בסיס מחשבה זהירה.,Conscientiousness,TRUE
אנשים חושבים עליי כמישהו שיש לו מזג חם.,Agreeableness,TRUE
"ברוב הימים, אני מרגיש עליז ואופטימי.",Extraversion,FALSE
אני מרגיש שבא לי לבכות כשאני רואה אנשים אחרים בוכים.,Emotionality,FALSE
אני חושב שמגיע לי יותר כבוד מזה המגיע לאדם הממוצע.,Honesty-Humility,TRUE
"אם הייתה לי ההזדמנות, הייתי רוצה להשתתף בקונצרט מוסיקה קלאסית.",Openness to Experience,FALSE
"כאשר עובדים, לפעמים יש לי קשיים בשל היותי לא מאורגן.",Conscientiousness,TRUE
"היחס שלי לאנשים שהתייחסו אליי רע הוא ""לסלוח ולשכוח.""",Agreeableness,FALSE
אני מרגיש שאני אדם לא פופולארי.,Extraversion,TRUE
"כשמדובר בסכנה פיזית, אני מאוד חושש.",Emotionality,FALSE
"אם אני רוצה משהו ממישהו, אני צוחק מהבדיחות הגרועות ביותר שלו.",Honesty-Humility,TRUE
"אני מרגיש רע מאוד כשאני מאחר לפגישה, אפילו בכמה דקות.",Conscientiousness,FALSE
"לדעתי, רוב האנשים דואגים לאינטרסים שלהם יותר מאשר לערכי מוסר.",Honesty-Humility,TRUE
"כשאני נמצא בקבוצה, אני בדרך כלל נותן לאחרים להוביל את השיחה.",Extraversion,TRUE
אני נוטה לסלוח לאנשים שפגעו בי ברגע שהם מבקשים סליחה.,Agreeableness,FALSE
אני נלחץ מאוד כשאני צריך לבצע משימה תחת צפייה של אחרים.,Emotionality,FALSE
"אני תמיד מחפש הזדמנויות ללמוד דברים חדשים, גם אם הם לא קשורים לעיסוקי.",Openness to Experience,FALSE
אני חושב שזה בסדר לעגל פינות אם אף אחד לא נפגע מזה.,Honesty-Humility,TRUE
אני מקפיד שהשולחן שלי יהיה מסודר לפני שאני מתחיל לעבוד.,Conscientiousness,FALSE
"כשאני נתקל בבעיה מורכבת, אני נהנה לנסות למצוא פתרון יצירתי.",Openness to Experience,FALSE
אני מרגיש חסר אונים כשדברים לא מסתדרים לפי התוכנית שלי.,Emotionality,FALSE
"אם מישהו מדבר אליי בגסות, אני מתקשה להישאר נחמד אליו.",Agreeableness,TRUE
אני אוהב להיות במרכז העניינים באירועים חברתיים.,Extraversion,FALSE
אני תמיד בודק את ההודעות שלי כמה פעמים לפני שאני שולח אותן.,Conscientiousness,FALSE
"לדעתי, להיות עשיר ומפורסם זה אחד הדברים החשובים ביותר בחיים.",Honesty-Humility,TRUE
אני נוטה להתווכח על דברים קטנים רק כדי להוכיח שאני צודק.,Agreeableness,TRUE
אני מרגיש בטוח מאוד ביכולות שלי להתמודד עם אתגרים חדשים.,Extraversion,FALSE
"כשאני רואה סרט עצוב, אני לעיתים קרובות מוצא את עצמי דומע.",Emotionality,FALSE
אני מעדיף ללכת בדרכים מוכרות מאשר לנסות דרך חדשה שאולי תקצר את הזמן.,Openness to Experience,TRUE
אני נוטה להשאיר משימות קשות לרגע האחרון.,Conscientiousness,TRUE
אני לעולם לא אשתמש במידע אישי שקיבלתי כדי להתקדם על חשבון אחרים.,Honesty-Humility,FALSE
אני מאבד את הסבלנות מהר כשאנשים מסביבי לא מבינים אותי.,Agreeableness,TRUE
"כשאני בלחץ, קל לי מאוד להתרגז על האנשים הקרובים אליי.",Agreeableness,TRUE
אני תמיד מתכנן את ההוצאות הכספיות שלי בקפידה.,Conscientiousness,FALSE
אני חושב שדמיון חשוב לא פחות מהיגיון.,Openness to Experience,FALSE
אני מרגיש לא בנוח בסיטואציות שבהן אני צריך להפגין רגשות.,Emotionality,TRUE
אני בדרך כלל האדם הראשון שמברך אנשים חדשים בחדר.,Extraversion,FALSE
"אם אגלה שעשיתי טעות שפגעה במישהו, לא אנוח עד שאתקן אותה.",Honesty-Humility,FALSE
אני נוטה לשכוח היכן הנחתי חפצים אישיים כמו מפתחות או טלפון.,Conscientiousness,TRUE
אני מרגיש רגוע גם כשאני נמצא בסביבה רועשת ועמוסה.,Emotionality,TRUE
אני תמיד מנסה לראות את הצד החיובי בכל אדם שאני פוגש.,Agreeableness,FALSE
אני חושב שזה בזבוז זמן לקרוא ספרים על פילוסופיה או תיאוריות.,Openness to Experience,TRUE
אני מרגיש שמגיע לי יחס מועדף כשאני עומד בתור ארוך.,Honesty-Humility,TRUE
אני נוטה לדחות החלטות חשובות כי אני מפחד לטעות.,Emotionality,FALSE
אני נהנה להשתתף בדיונים אינטלקטואליים שמעוררים מחשבה.,Openness to Experience,FALSE
"כשאני מבטיח משהו, אני מקיים אותו ללא קשר למאמץ שזה דורש.",Conscientiousness,FALSE
אני מוצא את עצמי חושב הרבה על מה שאנשים אחרים חושבים עליי.,Extraversion,TRUE
אני נשאר רגוע כשאנשים מבקרים את העבודה שלי.,Agreeableness,FALSE
אני חושב שהצלחה בחיים נמדדת בעיקר בכמות הכסף שיש לאדם.,Honesty-Humility,TRUE
אני מעדיף לעבוד על כמה פרויקטים במקביל מאשר להתרכז באחד.,Conscientiousness,TRUE
אני מרגיש חמלה רבה כלפי בעלי חיים שסובלים.,Emotionality,FALSE
"אני תמיד מחפש את הדרך המדויקת ביותר לבצע משימה, גם אם זה לוקח יותר זמן.",Conscientiousness,FALSE
אני מוצא את זה קשה להודות בטעות מול אנשים שמעריכים אותי.,Honesty-Humility,TRUE
אני נהנה לחקור נושאים לעומק עד שאני מבין כל פרט קטן.,Openness to Experience,FALSE
אני נוטה להיבהל בקלות מרעשים פתאומיים או מצבים לא צפויים.,Emotionality,FALSE
"אם אקבל עודף גדול מדי בטעות, לא תמיד ארגיש צורך לדווח על כך.",Honesty-Humility,TRUE
אני מרגיש מלא מרץ כשאני צריך לעבוד תחת לחץ זמן כבד.,Extraversion,FALSE
אני נוטה להתווכח עם אנשים שמעבירים ביקורת על דעותיי המקצועיות.,Agreeableness,TRUE
אני מעדיף לתכנן את חופשותיי לפרטי פרטים ולא להשאיר דבר ליד המקרה.,Conscientiousness,FALSE
אני חושב שרוב האמנות המודרנית היא חסרת משמעות.,Openness to Experience,TRUE
אני מוצא את עצמי דואג לבריאות שלי הרבה יותר ממה שאנשים אחרים דואגים.,Emotionality,FALSE
אני מוכן להתפשר על עקרונותיי אם זה יעזור לי להתקדם בקריירה.,Honesty-Humility,TRUE
אני נהנה להיות זה שמקבל את ההחלטות הקשות בקבוצה.,Extraversion,FALSE
אני נוטה לאבד עניין במשימות שדורשות תשומת לב ממושכת לפרטים.,Conscientiousness,TRUE
אני מרגיש אמפתיה עמוקה כלפי אנשים שעוברים תקופות קשות בחיים.,Emotionality,FALSE
"אני מוצא את זה משעמם לנהל שיחות חולין (""Small talk"") עם זרים.",Extraversion,TRUE
אני תמיד מנסה להבין את המניעים של אנשים לפני שאני שופט אותם.,Agreeableness,FALSE
אני חושב שלמידה על תרבויות רחוקות היא בזבוז זמן.,Openness to Experience,TRUE
אני מרגיש גאווה גדולה כשאני עושה עבודה מושלמת ללא שום פגם.,Conscientiousness,FALSE
אני לעולם לא אשתמש בחנופה כדי להשיג יתרון על פני קולגות.,Honesty-Humility,FALSE
אני נוטה להיות האדם השקט ביותר בחדר מלא באנשים.,Extraversion,TRUE
אני מרגיש חסר מנוחה כשאני לא עוסק במשהו יצרני.,Conscientiousness,FALSE
אני נוטה להיפגע בקלות מהערות סרקסטיות של חברים.,Emotionality,FALSE
"אני מאמין שכל אדם צריך לקבל הזדמנות שנייה, לא משנה מה עשה.",Agreeableness,FALSE
אני נהנה לבקר במוזיאונים למדע וטכנולוגיה.,Openness to Experience,FALSE
אני תמיד מקפיד להחזיר חפצים שלקחתי בדיוק למקום שלהם.,Conscientiousness,FALSE
אני חושב שזה לגיטימי להשתמש בקשרים אישיים כדי לעקוף את התור.,Honesty-Humility,TRUE
אני מרגיש בנוח לדבר על הטעויות והחולשות שלי עם אחרים.,Extraversion,FALSE
אני נוטה לדאוג לגבי מה שיקרה אם אכשל במשימה חשובה.,Emotionality,FALSE
"אני תמיד פתוח לשמוע דעות שונות משלי, גם אם הן נראות לי מוזרות.",Openness to Experience,FALSE
אני מוצא את זה קשה לסלוח לאנשים ששיקרו לי פעם אחת.,Agreeableness,TRUE
אני מרגיש סיפוק רב כשאני מצליח לעזור למישהו לפתור בעיה אישית.,Emotionality,FALSE
אני מעדיף לעבוד בסביבה שבה הכללים ברורים וקבועים מראש.,Conscientiousness,FALSE
אני חושב שצניעות היא תכונה שמוערכת יתר על המידה בחברה שלנו.,Honesty-Humility,TRUE
אני נהנה לארגן אירועים חברתיים עבור החברים שלי.,Extraversion,FALSE
אני נוטה להגיב בכעס כשמישהו מעכב אותי בביצוע העבודה שלי.,Agreeableness,TRUE
אני מרגיש שיש לי דמיון עשיר מאוד שמלווה אותי ביום-יום.,Openness to Experience,FALSE
אני תמיד בודק שהדלת נעולה כמה פעמים לפני שאני הולך לישון.,Conscientiousness,FALSE
"אני מרגיש רגוע כמעט בכל מצב, גם כשיש סביבי כאוס.",Emotionality,TRUE
אני לעולם לא אקח קרדיט על עבודה שמישהו אחר עשה.,Honesty-Humility,FALSE
אני מעדיף לקרוא ספרי עיון מאשר ספרי עלילה או פנטזיה.,Openness to Experience,FALSE
אני מרגיש סיפוק רב כשאני מצליח לארגן לוח זמנים מורכב בצורה מושלמת.,Conscientiousness,FALSE
אני חושב שזה בזבוז זמן לנסות להבין רגשות של אנשים שהתנהגו אליי רע.,Agreeableness,TRUE
"כשאני נתקל במושג חדש שאני לא מכיר, אני מיד מחפש עליו מידע.",Openness to Experience,FALSE
אני מוצא את עצמי נלחץ מאוד כשאני צריך לקבל החלטה גורלית תחת לחץ.,Emotionality,FALSE
אני מאמין שהדרך המהירה ביותר להצליח היא לנצל חולשות של אחרים.,Honesty-Humility,TRUE
אני נהנה להוביל שיחות בקבוצות גדולות של אנשים.,Extraversion,FALSE
"אני מקפיד לסיים כל מה שהתחלתי, גם אם זה כבר לא מעניין אותי.",Conscientiousness,FALSE
אני מרגיש בנוח לבקש עזרה מאחרים כשאני לא מסתדר לבד.,Emotionality,FALSE
אני חושב שכללים ונהלים הם המלצה בלבד עבור אנשים חכמים.,Honesty-Humility,TRUE
אני נוטה לראות את חצי הכוס המלאה בכל סיטואציה קשה.,Extraversion,FALSE
קשה לי מאוד לקבל שינויים פתאומיים בתוכניות שלי.,Openness to Experience,TRUE
אני מרגיש צורך עז להגן על אנשים שמתייחסים אליהם בחוסר צדק.,Agreeableness,FALSE
אני נוטה לשכוח פרטים קטנים כשאני עובד על פרויקט גדול.,Conscientiousness,TRUE
אני מרגיש מאוד בטוח בעצמי כשאני מדבר עם דמויות סמכותיות.,Extraversion,FALSE
"אני מוצא את עצמי חושב על ""מה היה קורה אילו"" לגבי טעויות מהעבר.",Emotionality,FALSE
אני לעולם לא אעמיד פנים שאני חבר של מישהו רק כדי לקבל ממנו טובה.,Honesty-Humility,FALSE
אני נהנה לפרק דברים לחלקים כדי להבין איך הם עובדים.,Openness to Experience,FALSE
אני נוטה להגיב באימפולסיביות כשאני כועס.,Agreeableness,TRUE
אני תמיד דואג שהציוד שלי יהיה במצב תקין ומוכן לשימוש.,Conscientiousness,FALSE
אני חושב שזה מוצדק לשקר אם האמת תפגע במישהו ללא צורך.,Honesty-Humility,TRUE
אני מרגיש מרוקן מאנרגיה אחרי אינטראקציה חברתית ממושכת.,Extraversion,TRUE
אני נוטה להאשים את עצמי כשדברים לא מסתדרים כמו שרציתי.,Emotionality,FALSE
אני תמיד מחפש את השיטה המדעית המוכחת ביותר לביצוע מטלה.,Openness to Experience,FALSE
אני מרגיש סיפוק רב כשאני מצליח להתאפק ולא להגיב לאנשים מעצבנים.,Agreeableness,FALSE
אני נוטה לעבוד בצורה מבולגנת כשאני נמצא תחת לחץ.,Conscientiousness,TRUE
אני חושב שצניעות היא תכונה של אנשים חלשים.,Honesty-Humility,TRUE
אני נהנה לנסות מאכלים חדשים ומשונים שלא טעמתי מעולם.,Openness to Experience,FALSE
אני תמיד מוודא שאנשים סביבי מרגישים בנוח ובטוח.,Agreeableness,FALSE
אני נוטה לדאוג לגבי המצב הכלכלי שלי גם כשיש לי מספיק כסף.,Emotionality,FALSE
אני מרגיש בנוח להיות במרכז תשומת הלב.,Extraversion,FALSE
אני תמיד בודק את המקורות של המידע שאני קורא באינטרנט.,Conscientiousness,FALSE
אני מאמין שכל אדם דואג רק לעצמו בסופו של דבר.,Honesty-Humility,TRUE
אני נהנה לחשוב על רעיונות פילוסופיים מופשטים.,Openness to Experience,FALSE
אני נוטה לאבד את העשתונות כשאני נמצא במצב של עומס יתר.,Emotionality,FALSE
"אני תמיד מקפיד לומר ""תודה"" ו""בבקשה"" לכל אדם.",Agreeableness,FALSE
אני נוטה להעדיף סדר וניקיון על פני נוחות.,Conscientiousness,FALSE
אני חושב ששימוש בכוח הוא לעיתים הדרך היחידה להשיג כבוד.,Honesty-Humility,TRUE
אני נהנה ללמוד שפות חדשות או להכיר תרבויות שונות.,Openness to Experience,FALSE
אני נוטה להסתיר את הרגשות שלי כדי לא להיראות חלש.,Emotionality,TRUE
אני תמיד מנסה לעשות מעבר למה שנדרש ממני בעבודה.,Conscientiousness,FALSE
אני מרגיש לא בנוח כשאנשים מחמיאים לי יותר מדי.,Honesty-Humility,FALSE
אני נוטה להשתעמם מהר אם אין לי אתגרים חדשים.,Openness to Experience,FALSE
אני תמיד מקשיב לכל הצדדים בוויכוח לפני שאני מגבש דעה.,Agreeableness,FALSE
אני מרגיש חוסר ביטחון כשאני צריך לבצע משימה בפעם הראשונה.,Emotionality,FALSE
אני תמיד מקפיד לסגור את כל המטלות שלי לפני סוף היום.,Conscientiousness,FALSE
אני חושב שהישגים אישיים חשובים יותר מעזרה לזולת.,Honesty-Humility,TRUE
אני נהנה לפתור חידות ומשחקי היגיון בזמני הפנוי.,Openness to Experience,FALSE
אני נוטה להיפגע עמוק מביקורת של אנשים שקרובים אליי.,Emotionality,FALSE
"אני תמיד שומר על קור רוח, גם כשהתוכניות משתבשות ברגע האחרון.",Agreeableness,FALSE
אני מעדיף לתכנן הכל מראש ולא להשאיר מקום להפתעות.,Conscientiousness,FALSE
אני מרגיש מחויבות מוסרית לעזור לאנשים שפחות מזלם משלי.,Honesty-Humility,FALSE
אני נוטה להאמין שרוב האנשים ירמו אם רק תינתן להם ההזדמנות.,Honesty-Humility,TRUE
אני נהנה לחשוב על רעיונות תיאורטיים גם אם אין להם יישום מעשי.,Openness to Experience,FALSE
אני תמיד בודק פעמיים אם כיביתי את האורות או נעלתי את הדלת.,Conscientiousness,FALSE
קל לי מאוד להתאושש מכישלונות ולהמשיך הלאה.,Emotionality,TRUE
אני מוצא את עצמי מתעצבן מהר כשאנשים מדברים לאט מדי.,Agreeableness,TRUE
אני מרגיש בנוח להציג את דעותיי גם כשהן מנוגדות לדעת הרוב.,Extraversion,FALSE
אני נוטה להשקיע יותר מאמץ בעבודה כשמישהו צופה בי.,Conscientiousness,TRUE
אני חושב שזה בסדר לקבל מתנות יקרות בתמורה לטובות הנאה קטנות.,Honesty-Humility,TRUE
אני נהנה לקרוא על גילויים מדעיים חדשים בכתבי עת.,Openness to Experience,FALSE
אני דואג מאוד לגבי מה שיחשבו עליי אם אעשה טעות מטופשת.,Emotionality,FALSE
"אני תמיד משתדל להיות מנומס, גם כלפי אנשים שלא נחמדים אליי.",Agreeableness,FALSE
אני מרגיש מלא ביטחון כשאני צריך ללמוד מיומנות טכנית חדשה.,Openness to Experience,FALSE
אני מעדיף שמישהו אחר יקבל את ההחלטות הגדולות בצוות.,Extraversion,TRUE
אני נוטה לאבד את הריכוז אם הסביבה שלי מבולגנת.,Conscientiousness,FALSE
אני חושב שזה בזבוז זמן לנסות להבין אמנות מופשטת.,Openness to Experience,TRUE
אני תמיד מחזיר חובות בדיוק בזמן שסיכמנו.,Honesty-Humility,FALSE
אני נוטה להרגיש אשמה כבדה גם על טעויות קטנות שעשיתי.,Emotionality,FALSE
אני נהנה לארגן פגישות ואירועים עבור קבוצות גדולות.,Extraversion,FALSE
אני חושב שחשוב מאוד לשמור על מסורות ישנות.,Openness to Experience,TRUE
אני נוטה להגיב בשלווה גם כשאנשים צועקים עליי.,Agreeableness,FALSE
אני תמיד מכין רשימת מטלות לפני שאני מתחיל יום עבודה.,Conscientiousness,FALSE
אני מאמין שכוח פוליטי חשוב יותר מאשר ערכים מוסריים.,Honesty-Humility,TRUE
אני מרגיש רגש עז כשאני שומע מוזיקה יפה במיוחד.,Openness to Experience,FALSE
קשה לי מאוד להירדם בלילה אם אני יודע שיש לי משימה לא פתורה.,Conscientiousness,FALSE
אני נוטה לבקש סליחה גם כשאני לא בטוח שטעיתי.,Agreeableness,FALSE
אני מרגיש בודד מאוד כשאני לא נמצא בקשר רציף עם אנשים.,Extraversion,FALSE
אני נוטה להיכנס לפאניקה כשאני הולך לאיבוד במקום לא מוכר.,Emotionality,FALSE
אני תמיד מקפיד לשלם את המיסים שלי עד השקל האחרון.,Honesty-Humility,FALSE
אני נהנה לחשוב על הדרכים שבהן העולם ישתנה בעוד 50 שנה.,Openness to Experience,FALSE
אני נוטה להתעלם מפרטים קטנים כדי לראות את התמונה הגדולה.,Conscientiousness,TRUE
אני מרגיש סיפוק כשאני יודע שאנשים רואים בי סמכות מקצועית.,Extraversion,FALSE
קשה לי מאוד לשלוח יד ולבקש עזרה כשאני בצרה.,Emotionality,TRUE
אני תמיד מנסה למצוא פשרה שתרצה את כולם בוויכוח.,Agreeableness,FALSE
אני חושב שזה טיפשי להוציא כסף על מוצרי יוקרה רק בשביל הרושם.,Honesty-Humility,FALSE
אני נהנה לפרק מכשירים חשמליים כדי לראות איך הם בנויים.,Openness to Experience,FALSE
אני נוטה להיות מאוד ביקורתי כלפי עצמי כשאני נכשל.,Emotionality,FALSE
"אני תמיד מסיים את מה שאני אוכל, כדי לא לבזבז אוכל.",Conscientiousness,FALSE
אני מרגיש בנוח לדבר עם אנשים ממעמד חברתי גבוה משלי.,Extraversion,FALSE
אני נוטה להשתמש בציניות כשאני לא מסכים עם מישהו.,Agreeableness,TRUE
אני חושב שחוקים הם בגדר המלצה כשהם לא הגיוניים בעיניי.,Honesty-Humility,TRUE
אני נהנה ללמוד על ההיסטוריה של המדע.,Openness to Experience,FALSE
אני נוטה לדאוג לגבי הבטיחות של האנשים הקרובים אליי.,Emotionality,FALSE
אני תמיד מקפיד לנקות אחרי בטבע או במקומות ציבוריים.,Conscientiousness,FALSE
אני מרגיש שמחה גדולה כשאני רואה אנשים אחרים מצליחים.,Agreeableness,FALSE
אני מעדיף לעבוד בשקט מאשר בסביבה תחרותית.,Extraversion,TRUE
אני חושב שזה בסדר להשתמש במידע חסוי לטובתי האישית.,Honesty-Humility,TRUE
אני נהנה לפתור תשבצים או חידות לוגיות קשות.,Openness to Experience,FALSE
אני נוטה להרגיש חוסר ביטחון כשאני לובש בגדים חדשים.,Emotionality,FALSE
אני תמיד מוודא שביצעתי את המטלות שלי בצורה הטובה ביותר.,Conscientiousness,FALSE
אני מרגיש סיפוק רב כשאני מצליח לפתור קונפליקט בין שני חברים.,Agreeableness,FALSE
אני נוטה להטיל ספק בכוונות של אנשים שמציעים לי עזרה ללא תמורה.,Honesty-Humility,TRUE
אני נהנה ללמוד על פיתוחים טכנולוגיים שעשויים לשנות את העתיד.,Openness to Experience,FALSE
אני תמיד בודק שהמסמכים שלי מאורגנים בתיקיות מסודרות.,Conscientiousness,FALSE
אני מרגיש רגוע מאוד גם כשאני צריך לדבר מול קהל גדול של זרים.,Extraversion,FALSE
אני נוטה לדאוג מאוד לגבי המוניטין המקצועי שלי.,Emotionality,FALSE
אני מאמין שכל אדם צריך לפעול קודם כל לטובת האינטרסים שלו.,Honesty-Humility,TRUE
אני מעדיף לסיים פרויקט אחד לפני שאני מתחיל פרויקט חדש.,Conscientiousness,FALSE
אני נהנה לקרוא שירה או ספרות קלאסית בזמני הפנוי.,Openness to Experience,FALSE
אני מוצא את זה קשה להישאר סבלני עם אנשים שלא מבינים הסברים פשוטים.,Agreeableness,TRUE
אני תמיד מנסה למצוא את הדרך היעילה ביותר לביצוע פעולות יומיומיות.,Conscientiousness,FALSE
אני מרגיש בנוח להודות כשאני לא יודע משהו.,Honesty-Humility,FALSE
אני נוטה להרגיש חרדה כשאני צריך לבצע משימה תחת פיקוח צמוד.,Emotionality,FALSE
אני נהנה להשתתף בדיונים על נושאים אתיים ומוסריים.,Openness to Experience,FALSE
אני תמיד מקפיד להחזיר ציוד ששאלתי במצב טוב יותר ממה שקיבלתי אותו.,Conscientiousness,FALSE
אני חושב שזה לגיטימי להשתמש בחנופה כדי להשיג את מה שרוצים מאנשים בעלי כוח.,Honesty-Humility,TRUE
אני מרגיש מלא אנרגיה כשאני עובד בצוות עם אנשים נוספים.,Extraversion,FALSE
"אני נוטה לקחת ללב הערות ביקורתיות, גם אם הן בונות.",Emotionality,FALSE
אני תמיד מנסה להבין את נקודת המבט של הצד השני בוויכוח.,Agreeableness,FALSE
אני מוצא את זה משעמם לעסוק בפרטים טכניים קטנים.,Conscientiousness,TRUE
אני חושב שלכל אדם יש מחיר ושזה רק עניין של סכום הכסף.,Honesty-Humility,TRUE
אני נהנה לבקר בגלריות לאמנות מודרנית ולנסות להבין את היצירות.,Openness to Experience,FALSE
אני נוטה להרגיש חוסר נוחות בסיטואציות חברתיות לא מוכרות.,Extraversion,TRUE
אני תמיד מוודא שכל המשימות שלי רשומות ביומן מסודר.,Conscientiousness,FALSE
אני מרגיש חמלה רבה כלפי אנשים שחווים קשיים כלכליים.,Emotionality,FALSE
אני מוצא את זה קל מאוד לסלוח לאנשים שפגעו בי בעבר.,Agreeableness,FALSE
אני חושב שזה בזבוז זמן לתכנן תוכניות לטווח ארוך מאוד.,Conscientiousness,TRUE
אני נהנה להיות זה שמארגן את המפגשים החברתיים של החברים.,Extraversion,FALSE
אני מאמין שיושרה חשובה יותר מהצלחה חומרית מהירה.,Honesty-Humility,FALSE
אני נוטה להרגיש לחוץ כשאני צריך ללמוד תוכנת מחשב חדשה ומסובכת.,Openness to Experience,TRUE
אני תמיד מקפיד להגיע בזמן לכל התחייבות שקיבלתי על עצמי.,Conscientiousness,FALSE
אני מרגיש רגש עז כשאני רואה נוף טבעי מרהיב.,Openness to Experience,FALSE
אני נוטה להתווכח על עקרונותיי גם כשזה עלול לפגוע בי חברתית.,Agreeableness,TRUE
אני חושב שצניעות היא תכונה חיונית עבור כל איש מקצוע.,Honesty-Humility,FALSE
אני מרגיש בנוח לבטא את הרגשות שלי מול אנשים אחרים.,Extraversion,FALSE
"אני נוטה לדאוג לגבי החלטות שקיבלתי בעבר, ותוהה אם צדקתי.",Emotionality,FALSE
אני תמיד מחפש דרכים לשפר את היכולות המקצועיות שלי.,Conscientiousness,FALSE
אני נהנה לחשוב על פתרונות יצירתיים לבעיות יומיומיות פשוטות.,Openness to Experience,FALSE
אני מוצא את זה קשה להסתיר את הכעס שלי כשאני נתקל בחוסר צדק.,Agreeableness,TRUE
אני תמיד בודק שהחשבון שקיבלתי במסעדה הוא מדויק.,Conscientiousness,FALSE
אני חושב שזה בסדר לקחת קרדיט על עבודה קבוצתית אם אני הייתי המוביל.,Honesty-Humility,TRUE
אני מרגיש רגוע ושלו גם כשהסביבה שלי נמצאת במתח גבוה.,Emotionality,TRUE
אני נהנה לקרוא ביוגרפיות של אנשים שהשפיעו על ההיסטוריה.,Openness to Experience,FALSE
אני נוטה להעדיף סדר וניקיון קיצוניים בסביבת המגורים שלי.,Conscientiousness,FALSE
אני מרגיש סיפוק כשאני עוזר למישהו לראות את הצד החיובי שבמצב.,Extraversion,FALSE
"אני תמיד משתדל להיות כנה, גם כשהאמת אינה נעימה לשמיעה.",Honesty-Humility,FALSE
אני נוטה להרגיש חוסר ביטחון לגבי המראה החיצוני שלי.,Emotionality,FALSE
אני נהנה לנסות תחביבים חדשים ושונים בכל פעם.,Openness to Experience,FALSE
אני תמיד מוודא שכל המטלות שלי הושלמו לפני שאני יוצא לבילוי.,Conscientiousness,FALSE
אני מוצא את זה קל להתחבר לאנשים חדשים במפגשים חברתיים.,Extraversion,FALSE
"אני מרגיש מחויבות לדווח על טעות שעשיתי, גם אם אף אחד לא הבחין בה.",Honesty-Humility,FALSE
אני נוטה להשתעמם משיחות שעוסקות רק בנושאים יומיומיים ופשוטים.,Openness to Experience,FALSE
אני תמיד מכין תוכנית חלופית (תוכנית ב') למקרה שמשהו ישתבש.,Conscientiousness,FALSE
אני מרגיש בנוח להוביל קבוצה של אנשים שאינני מכיר היטב.,Extraversion,FALSE
אני נוטה להרגיש אשמה כשאני לא עומד בציפיות של עצמי.,Emotionality,FALSE
אני מאמין שכל אדם צריך להרוויח את מעמדו בעבודה קשה ולא בקשרים.,Honesty-Humility,FALSE
אני מעדיף לעבוד על משימה אחת עד להשלמתה המלאה והמושלמת.,Conscientiousness,FALSE
אני נהנה ללמוד על תגליות חדשות בתחום הרפואה והביולוגיה.,Openness to Experience,FALSE
אני מוצא את זה קשה להישאר אדיב כלפי אנשים שמתנהגים בטיפשות.,Agreeableness,TRUE
אני תמיד בודק שכל הנתונים שבידי מדויקים לפני שאני מציג אותם.,Conscientiousness,FALSE
אני מרגיש בנוח להביע חרטה כשאני מבין שפגעתי במישהו.,Honesty-Humility,FALSE
אני נוטה להרגיש לחוץ כשאני צריך לעמוד בלוח זמנים צפוף מאוד.,Emotionality,FALSE
אני נהנה להשתתף בסיעור מוחות שבו עולים רעיונות יוצאי דופן.,Openness to Experience,FALSE
"אני תמיד מקפיד להחזיר כסף שחייבתי, גם אם מדובר בסכום זניח.",Honesty-Humility,FALSE
אני חושב שזה בזבוז זמן להתעכב על רגשות במקום להתקדם בביצוע המשימה.,Emotionality,TRUE
אני מרגיש מלא ביטחון כשאני צריך לקבל החלטה תחת תנאי אי-ודאות.,Extraversion,FALSE
"אני נוטה לקחת ללב כישלונות מקצועיים, גם אם הם קטנים.",Emotionality,FALSE
אני תמיד מנסה למצוא פתרון שיעזור לכולם להרגיש מרוצים.,Agreeableness,FALSE
אני מוצא את זה משעמם לקרוא הוראות הפעלה לפני שאני משתמש במכשיר חדש.,Conscientiousness,TRUE
אני חושב שזה לגיטימי להשתמש בקיצורי דרך כדי לסיים עבודה מהר יותר.,Honesty-Humility,TRUE
אני נהנה לבקר במקומות חדשים שמעולם לא הייתי בהם קודם.,Openness to Experience,FALSE
אני נוטה להרגיש חוסר נוחות כשמחמיאים לי מול אנשים אחרים.,Extraversion,TRUE
אני תמיד מוודא שסביבת העבודה שלי נקייה ומאורגנת היטב.,Conscientiousness,FALSE
אני מרגיש חמלה רבה כלפי אנשים שנמצאים במצוקה נפשית.,Emotionality,FALSE
אני מוצא את זה קל מאוד לשכוח פגיעות ישנות ולהמשיך הלאה.,Agreeableness,FALSE
אני חושב שזה חשוב להקפיד על כללי הטקס והנימוס בכל מצב.,Conscientiousness,FALSE
אני נהנה להיות האדם שמקבל את האורחים במסיבה או אירוע.,Extraversion,FALSE
אני מאמין שכנות מוחלטת היא הבסיס לכל קשר מקצועי.,Honesty-Humility,FALSE
אני נוטה להרגיש סקרנות לגבי האופן שבו המוח האנושי פועל.,Openness to Experience,FALSE
אני תמיד מקפיד לבצע את המטלות שלי בדיוק לפי ההנחיות שניתנו לי.,Conscientiousness,FALSE
אני מרגיש התרגשות רבה כשאני נחשף ליצירת אמנות עוצמתית.,Openness to Experience,FALSE
אני נוטה להישאר רגוע גם כשאנשים מנסים לעורר את כעסי.,Agreeableness,FALSE
אני חושב שצניעות עוזרת לאדם ללמוד ולהשתפר לאורך זמן.,Honesty-Humility,FALSE
אני מרגיש בנוח לשתף אחרים בחוויות האישיות שלי.,Extraversion,FALSE
אני נוטה לדאוג לגבי הבריאות של אנשים שחשובים לי.,Emotionality,FALSE
אני תמיד מחפש דרכים להפוך את העבודה שלי למקצועית יותר.,Conscientiousness,FALSE
אני נהנה לחשוב על הקשרים שבין מדע לפילוסופיה.,Openness to Experience,FALSE
אני מוצא את זה קשה להסתיר את חוסר שביעות הרצון שלי מעבודה גרועה של אחרים.,Agreeableness,TRUE
אני תמיד מוודא שכל המידע שבידי מעודכן ורלוונטי.,Conscientiousness,FALSE
אני חושב שזה בסדר לקחת לעצמי קרדיט אם זה יעזור לצוות שלי להצליח.,Honesty-Humility,TRUE
אני מרגיש רגוע ושלו גם כשאני נמצא תחת עומס עבודה כבד.,Emotionality,TRUE
אני נהנה לקרוא על פיתוחים חדשים בתחום המחשוב והבינה המלאכותית.,Openness to Experience,FALSE
אני נוטה להעדיף סביבה שקטה ומסודרת שבה הכל ידוע מראש.,Conscientiousness,FALSE
אני מרגיש סיפוק כשאני עוזר למישהו להבין נושא מורכב.,Extraversion,FALSE
אני תמיד משתדל להיות ישר עם עצמי לגבי היכולות שלי.,Honesty-Humility,FALSE
אני נוטה להרגיש חוסר ביטחון כשאני צריך לבצע משימה חדשה.,Emotionality,FALSE
אני נהנה לנסות גישות חדשות לפתרון בעיות ישנות.,Openness to Experience,FALSE
אני תמיד מוודא שכל המסמכים שלי חתומים ומאושרים כנדרש.,Conscientiousness,FALSE
אני מוצא את זה קל להתחבר לאנשים מרקע תרבותי שונה משלי.,Extraversion,FALSE
אני תמיד מקפיד לסיים את העבודה שלי לפני שאני יוצא להפסקה.,Conscientiousness,FALSE
אני נהנה להכיר אנשים חדשים באירועים חברתיים גדולים.,Extraversion,FALSE
אני נוטה להישאר רגוע גם כשמישהו מתנהג אליי בחוסר סבלנות.,Agreeableness,FALSE
אני מרגיש בנוח לדבר על ההישגים שלי מבלי להרגיש שחצן.,Extraversion,FALSE
אני מוצא את זה קשה לסלוח לאנשים שפגעו ברגשותיי בכוונה.,Agreeableness,TRUE
אני תמיד מנסה להפיק את המרב מכל סיטואציה חברתית שאני נמצא בה.,Extraversion,FALSE
אני נוטה להתווכח עם אנשים שמעבירים ביקורת על אורח החיים שלי.,Agreeableness,TRUE
אני מרגיש מלא אנרגיה כשאני מוקף בהרבה אנשים.,Extraversion,FALSE
"אני תמיד משתדל לראות את הטוב בכל אדם, גם אם הוא קשה.",Agreeableness,FALSE
אני נוטה להנהיג את השיחה כשאני נמצא עם קבוצת חברים.,Extraversion,FALSE
אני מוצא את זה קשה להסתיר את הכעס שלי כשמישהו לא מקשיב לי.,Agreeableness,TRUE
אני מרגיש בנוח להיות הראשון שמתחיל לדבר בחדר מלא זרים.,Extraversion,FALSE
אני תמיד מנסה למצוא פשרה שתמנע מריבות מיותרות.,Agreeableness,FALSE
אני נהנה להיות זה שמארגן את היציאות החברתיות של הצוות.,Extraversion,FALSE
אני נוטה להגיב בציניות כשמישהו שואל אותי שאלה טיפשית.,Agreeableness,TRUE
אני מרגיש מאוד בטוח בעצמי כשאני צריך להציג רעיון בפני קהל.,Extraversion,FALSE
"אני תמיד משתדל להישאר אדיב, גם כשאני נמצא תחת לחץ כבד.",Agreeableness,FALSE
אני מעדיף לבלות את זמני הפנוי עם חברים מאשר לבד בבית.,Extraversion,FALSE
אני מוצא את זה קשה לקבל דעות שונות מאוד משלי בנושאים פוליטיים.,Agreeableness,TRUE
אני תמיד מחפש הזדמנויות להרחיב את המעגל החברתי שלי.,Extraversion,FALSE
אני נוטה לסלוח מהר מאוד לאנשים שמאכזבים אותי.,Agreeableness,FALSE
אני מרגיש בנוח להביע את שמחתי בקול רם כשאני מצליח במשהו.,Extraversion,FALSE
אני תמיד משתדל להימנע מהטחת ביקורת ישירה מדי באנשים.,Agreeableness,FALSE
אני נהנה להשתתף בדיונים קבוצתיים סוערים ומעניינים.,Extraversion,FALSE
אני נוטה להרגיש חוסר סבלנות כשאנשים מבזבזים את זמני.,Agreeableness,TRUE
אני תמיד מרגיש בטוח ביכולת שלי להרשים אנשים חדשים.,Extraversion,FALSE
אני מוצא את זה קל להישאר נחמד גם לאנשים שאני לא מחבב.,Agreeableness,FALSE
אני נהנה להיות במרכז העניינים כשיש מסיבה או חגיגה.,Extraversion,FALSE
אני נוטה להתווכח על כל פרט קטן כשאני בטוח שאני צודק.,Agreeableness,TRUE
אני מרגיש שהאישיות שלי היא מושכת ומעניינת עבור אחרים.,Extraversion,FALSE
אני תמיד מעדיף לשתף פעולה עם אחרים מאשר להתחרות בהם.,Agreeableness,FALSE
אני מוצא את זה קל מאוד להצחיק אנשים סביבי.,Extraversion,FALSE
אני נוטה להגיב בכעס כשמישהו מזלזל בעבודה שלי.,Agreeableness,TRUE
אני מרגיש רגוע מאוד כשאני צריך לנהל שיחת טלפון חשובה עם אדם זר.,Extraversion,FALSE
אני תמיד משתדל לעזור לאנשים סביבי להרגיש בנוח.,Agreeableness,FALSE
אני נהנה לספר סיפורים וחוויות מול קבוצה של אנשים.,Extraversion,FALSE
אני נוטה להיות מאוד ביקורתי כלפי אנשים שעושים טעויות רבות.,Agreeableness,TRUE
אני מרגיש שיש לי השפעה חיובית על האווירה החברתית בחדר.,Extraversion,FALSE
אני תמיד מוכן לוותר על הנוחות שלי למען השלווה בקבוצה.,Agreeableness,FALSE
אני מעדיף מקומות עבודה רועשים ותוססים על פני משרדים שקטים.,Extraversion,FALSE
אני נוטה לשמור טינה לאנשים שפגעו בי בצורה לא הוגנת.,Agreeableness,TRUE
אני תמיד בודק שהציוד הרפואי שבידי מונח במקומו המדויק.,Conscientiousness,FALSE
אני מרגיש חרדה קלה כשאני צריך לבצע פעולה שאינני מיומן בה.,Emotionality,FALSE
אני מאמין שיושרה חשובה יותר מקידום מהיר בעבודה.,Honesty-Humility,FALSE
אני נהנה לחשוב על הקשר בין פילוסופיה למדעי המוח.,Openness to Experience,FALSE
אני תמיד מקפיד לסיים את הדיווחים שלי לפני שאני עוזב את העבודה.,Conscientiousness,FALSE
אני נוטה לדאוג לגבי הבריאות של המטופלים שלי גם לאחר שעות העבודה.,Emotionality,FALSE
אני לעולם לא אשתמש במידע שקיבלתי בשיחה פרטית כדי להשיג יתרון.,Honesty-Humility,FALSE
אני מוצא עניין רב בלימוד שיטות טיפול חדשניות ולא שגרתיות.,Openness to Experience,FALSE
אני תמיד מוודא שכל הנתונים במערכת מעודכנים עד הפרט האחרון.,Conscientiousness,FALSE
אני מרגיש רגש עז כשאני מצליח לעזור לאדם שנמצא במצוקה קשה.,Emotionality,FALSE
אני מרגיש דאגה עמוקה כשאני שומע על אסונות טבע במקומות רחוקים.,Emotionality,FALSE
אני נהנה לחקור תיאוריות מדעיות שטרם הוכחו סופית.,Openness to Experience,FALSE
אני נוטה להרגיש חוסר ביטחון כשאני צריך לקבל החלטה ללא ליווי מקצועי.,Emotionality,FALSE
אני חושב שזה מרתק ללמוד על הדרך שבה תרבויות עתיקות חיו.,Openness to Experience,FALSE
אני מוצא את עצמי בוכה בקלות כשאני צופה בסיפורי הצלחה מרגשים.,Emotionality,FALSE
אני תמיד מחפש דרכים יצירתיות להפוך את סביבת העבודה שלי לנעימה יותר.,Openness to Experience,FALSE
אני נוטה להרגיש פחד כשאני נמצא במקומות גבוהים או לא יציבים.,Emotionality,FALSE
אני נהנה לקרוא על פריצות דרך בתחום חקר החלל.,Openness to Experience,FALSE
אני מרגיש צורך עז לשוחח עם מישהו כשאני עובר יום קשה.,Emotionality,FALSE
אני חושב שחשוב מאוד להיחשף לסוגים שונים של מוזיקה מרחבי העולם.,Openness to Experience,FALSE
"אני נוטה להילחץ כשאני רואה דם או פציעות, אפילו אם הן קלות.",Emotionality,FALSE
אני נהנה לנסות לפתור בעיות מתמטיות מורכבות רק בשביל האתגר.,Openness to Experience,FALSE
אני מרגיש חוסר אונים כשאני לא מצליח לעזור לאדם קרוב שכואב לו.,Emotionality,FALSE
אני תמיד פתוח לשינויים מרחיקי לכת בשיטות העבודה המקובלות.,Openness to Experience,FALSE
אני נוטה לדאוג לגבי הבטיחות שלי גם כשאני נמצא בסביבה בטוחה.,Emotionality,FALSE
אני מוצא עניין רב בלימוד על המבנה המולקולרי של חומרים.,Openness to Experience,FALSE
אני מרגיש רגש עז של חמלה כשאני רואה אדם קשיש שמתקשה ללכת.,Emotionality,FALSE
אני נהנה לבקר בתערוכות שמציגות טכנולוגיות עתידניות.,Openness to Experience,FALSE
אני נוטה להרגיש חרדה כשאני צריך לעבור בדיקה רפואית בעצמי.,Emotionality,FALSE
אני חושב שזה חשוב להבין את הרקע ההיסטורי של כל תופעה חברתית.,Openness to Experience,FALSE
אני מרגיש צורך בתמיכה רגשית מהמשפחה שלי כשאני נכשל במשהו.,Emotionality,FALSE
אני נהנה לחשוב על האפשרות של חיים על כוכבי לכת אחרים.,Openness to Experience,FALSE
אני נוטה להרגיש פאניקה אם אני לא מוצא את הטלפון שלי מיד.,Emotionality,FALSE
אני תמיד מחפש ספרים שמציעים זווית ראייה חדשה על החיים.,Openness to Experience,FALSE
אני מרגיש אמפתיה רבה כלפי אנשים שחווים בדידות.,Emotionality,FALSE
אני נהנה ללמוד על תהליכים פסיכולוגיים שמשפיעים על קבלת החלטות.,Openness to Experience,FALSE
אני נוטה להרגיש חסר ביטחון כשאני צריך לדבר בשפה שאינני שולט בה היטב.,Emotionality,FALSE
אני חושב שזה בזבוז זמן לדבוק בשיטות עבודה ישנות רק בשל המסורת.,Openness to Experience,FALSE
אני מרגיש רגוע יותר כשיש לידיי מישהו שאני סומך עליו במצבי לחץ.,Emotionality,FALSE
אני נהנה לחקור את הקשר בין תזונה לבריאות הנפש.,Openness to Experience,FALSE
אני נוטה לדאוג לגבי איכות הסביבה והשפעתה על הדורות הבאים.,Emotionality,FALSE
אני תמיד מעדיף לנסות פתרון מקורי מאשר פתרון שגרתי.,Openness to Experience,FALSE
אני מרגיש כאב פיזי כמעט כשאני רואה מישהו אחר נפצע.,Emotionality,FALSE
אני נהנה ללמוד על התפתחויות בתחום האנרגיה הירוקה.,Openness to Experience,FALSE
אני נוטה להרגיש חרדה אם אני לא מקבל תשובה להודעה חשובה תוך זמן קצר.,Emotionality,FALSE
אני חושב שחשוב מאוד לפתח חשיבה ביקורתית כלפי כל מידע שמקבלים.,Openness to Experience,FALSE
אני מרגיש צורך עז לחלוק את ההצלחות שלי עם אנשים שקרובים אליי.,Emotionality,FALSE
אני נהנה ללמוד על מבנה המוח האנושי ופעולתו.,Openness to Experience,FALSE
אני נוטה להרגיש חוסר מנוחה כשאני נמצא במקום סגור לאורך זמן.,Emotionality,FALSE
אני תמיד מחפש דרכים לשלב אמנות ועיצוב בחיי היומיום שלי.,Openness to Experience,FALSE
אני מרגיש סיפוק רב כשאני מצליח לנחם אדם שבוכה.,Emotionality,FALSE
אני נהנה לחקור את ההיסטוריה של האדריכלות בעולם.,Openness to Experience,FALSE
אני נוטה להרגיש פחד כשאני צריך לעבור במקומות חשוכים.,Emotionality,FALSE
אני חושב שחשוב ללמוד על זרמים פילוסופיים שונים מהמזרח והמערב.,Openness to Experience,FALSE
אני מרגיש דאגה רבה כשאני רואה חדשות על סכסוכים בעולם.,Emotionality,FALSE
אני נהנה לנסות ללמוד מיומנויות ידניות חדשות כמו נגרות או פיסול.,Openness to Experience,FALSE
אני נוטה להרגיש חוסר ביטחון כשאני נמצא בחברת אנשים חכמים מאוד.,Emotionality,FALSE
אני תמיד מחפש סרטים שגורמים לי לחשוב עליהם ימים רבים אחרי הצפייה.,Openness to Experience,FALSE
אני מרגיש רגש עז של הכרת תודה כלפי אנשים שעוזרים לי.,Emotionality,FALSE
אני נהנה ללמוד על האופן שבו שפות שונות התפתחו לאורך השנים.,Openness to Experience,FALSE
אני נוטה להרגיש חרדה אם התוכניות שלי משתנות ברגע האחרון.,Emotionality,FALSE
אני חושב שזה מרתק ללמוד על החלל החיצון והגלקסיות.,Openness to Experience,FALSE
אני מרגיש צורך בחיבוק או מגע פיזי כשאני עצוב.,Emotionality,FALSE
אני נהנה לנסות פתרונות טכנולוגיים שנועדו להקל על החיים.,Openness to Experience,FALSE
אני נוטה לדאוג לגבי העתיד המקצועי שלי באופן תמידי.,Emotionality,FALSE
אני תמיד מוכן לשמוע על רעיונות שנראים לאחרים בלתי אפשריים.,Openness to Experience,FALSE
אני מרגיש חמלה רבה כלפי דרי רחוב.,Emotionality,FALSE
אני נהנה ללמוד על הדרך שבה מדענים הגיעו לתגליות הגדולות שלהם.,Openness to Experience,FALSE
אני נוטה להרגיש חוסר נוחות כשאני נמצא בסיטואציה של חוסר ודאות.,Emotionality,FALSE
אני חושב שזה חשוב להעריך את היופי שבפרטים הקטנים של הטבע.,Openness to Experience,FALSE
אני מרגיש אחריות אישית לדאוג לכך שכולם מסביבי יהיו מאושרים.,Emotionality,FALSE
אני נהנה לחקור את ההשפעה של טכנולוגיה על יחסים חברתיים.,Openness to Experience,FALSE
אני נוטה להרגיש חרדה כשאני צריך להתמודד עם בירוקרטיה מסובכת.,Emotionality,FALSE
אני תמיד מחפש דרכים להרחיב את האופקים האינטלקטואליים שלי.,Openness to Experience,FALSE
אני מרגיש צורך חזק להגן על ילדים מפני כל פגיעה.,Emotionality,FALSE
אני נהנה ללמוד על שיטות חקירה משטרתיות ומדעי הפורנזיקה.,Openness to Experience,FALSE
אני נוטה להרגיש פחד כשאני שומע רעשים מוזרים בלילה.,Emotionality,FALSE
אני חושב שזה חיוני להיחשף לדעות פוליטיות מנוגדות לשלי.,Openness to Experience,FALSE
אני מרגיש התרגשות רבה כשאני רואה מופע מחול מקצועי.,Openness to Experience,FALSE
אני נוטה לדאוג לגבי הבריאות הנפשית של חברי הקרובים.,Emotionality,FALSE
אני נהנה ללמוד על הקשר שבין פיזיקה למוזיקה.,Openness to Experience,FALSE
אני מרגיש חוסר ביטחון כשאני צריך לבצע משימה פיזית מאתגרת.,Emotionality,FALSE
אני תמיד מחפש דרכים לשפר את היצירתיות שלי בפתרון בעיות.,Openness to Experience,FALSE
אני מרגיש סיפוק רב כשאני מצליח לעזור לאדם להתגבר על פחד.,Emotionality,FALSE
אני נהנה לחקור את האבולוציה של בעלי החיים.,Openness to Experience,FALSE
אני נוטה להרגיש חרדה כשאני נמצא במקום הומה אדם.,Emotionality,FALSE
אני חושב שזה חשוב להבין את המורכבות של הכלכלה העולמית.,Openness to Experience,FALSE
אני מרגיש רגש עז כשאני קורא סיפור על גבורה אנושית.,Emotionality,FALSE
אני נהנה ללמוד על הדרכים שבהן ניתן להאריך את חיי האדם.,Openness to Experience,FALSE
"אני נוטה להרגיש פחד מפני מחלות קשות, גם אם אין סימנים לכך.",Emotionality,FALSE
אני תמיד פתוח ללמוד שיטות למידה חדשות ויעילות יותר.,Openness to Experience,FALSE
אני מרגיש צורך עז להיות חלק מקהילה תומכת.,Emotionality,FALSE
אני נהנה לחקור את ההבדלים התרבותיים בדרכי הטיפול הרפואי.,Openness to Experience,FALSE
אני נוטה לדאוג לגבי ההשפעה של המעשים שלי על אחרים.,Emotionality,FALSE
אני חושב שחשוב להשקיע זמן בלימוד אמנויות לחימה או הגנה עצמית.,Openness to Experience,FALSE
אני מרגיש חמלה רבה כלפי אנשים שאיבדו את ביתם.,Emotionality,FALSE
אני נהנה ללמוד על ההיסטוריה של המצאת התרופות.,Openness to Experience,FALSE
אני נוטה להרגיש חוסר ביטחון כשאני צריך להוביל פרויקט חדשני.,Emotionality,FALSE
אני תמיד מחפש הזדמנויות לחוות חוויות רגשיות עוצמתיות.,Emotionality,FALSE
אני נהנה לחקור את הקשר שבין דת למדע לאורך ההיסטוריה.,Openness to Experience,FALSE
אני נוטה להרגיש חרדה כשאני נמצא בסביבה לא סטרילית.,Emotionality,FALSE
אני חושב שזה חשוב להעריך את הגיוון הביולוגי שיש בעולם.,Openness to Experience,FALSE
אני מרגיש אחריות לדאוג לרווחתם של האנשים שעובדים איתי.,Emotionality,FALSE
אני נהנה ללמוד על האופן שבו הבינה המלאכותית משפיעה על הרפואה.,Openness to Experience,FALSE
אני נוטה להרגיש פחד כשאני צריך לעבור הליך רפואי פולשני.,Emotionality,FALSE
אני תמיד מחפש דרכים להפוך את העולם למקום טוב יותר עבור כולם.,Openness to Experience,FALSE
אני מרגיש רגש עז כשאני רואה את הים בזמן סערה.,Openness to Experience,FALSE
אני נוטה לדאוג לגבי הבטיחות בדרכים באופן תמידי.,Emotionality,FALSE
אני נהנה ללמוד על הדרכים שבהן המוח מעבד מידע חזותי.,Openness to Experience,FALSE
אני מרגיש צורך עז להגן על חלשים בחברה.,Emotionality,FALSE
אני תמיד מקפיד לבדוק את הוראות היצרן לפני שאני משתמש במכשיר רפואי חדש.,Conscientiousness,FALSE
אני מרגיש סיפוק רב כשאני מצליח להסביר נושא מורכב למטופל בצורה פשוטה.,Agreeableness,FALSE
"לעולם לא אעגל פינות בדיווח רפואי, גם אם זה ידרוש ממני שעות נוספות.",Honesty-Humility,FALSE
אני נהנה להוביל את צוות העבודה שלי במצבי לחץ ואי-ודאות.,Extraversion,FALSE
אני מרגיש דאגה עמוקה כשאני יודע שמטופל שלי סובל מכאבים.,Emotionality,FALSE
אני תמיד מחפש לקרוא מחקרים חדשים כדי לעדכן את שיטות העבודה שלי.,Openness to Experience,FALSE
"אני חושב שזה בסדר לקבל ""טיפ"" כספי ממטופל כדי להקדים לו תור.",Honesty-Humility,TRUE
אני תמיד מוודא שסביבת הטיפול שלי נקייה ומאורגנת בצורה מופתית.,Conscientiousness,FALSE
אני נוטה להישאר רגוע ונינוח גם כשמטופל מדבר אליי בחוסר סבלנות.,Agreeableness,FALSE
אני מרגיש מלא אנרגיה כשאני נמצא במחלקה עמוסה באנשים.,Extraversion,FALSE
אני מוצא את עצמי חושב על המקרים הרפואיים שראיתי גם כשאני בבית.,Emotionality,FALSE
אני תמיד מוכן להודות בטעות מקצועית מול הקולגות שלי.,Honesty-Humility,FALSE
אני מעדיף לעבוד לפי פרוטוקולים נוקשים מאשר לאלתר פתרונות בשטח.,Conscientiousness,FALSE
קשה לי מאוד לסלוח לקולגה שהכשיל אותי בביצוע משימה.,Agreeableness,TRUE
אני מרגיש בנוח להיות זה שמעביר את הבשורות הקשות למשפחה.,Extraversion,FALSE
אני נוטה להיבהל כשאני נתקל במקרה חירום רפואי לא צפוי.,Emotionality,FALSE
אני מאמין שצניעות היא התכונה החשובה ביותר עבור מטפל.,Honesty-Humility,FALSE
אני תמיד בודק פעמיים את המינונים של תרופות שאני רושם.,Conscientiousness,FALSE
אני מוצא עניין רב בהקשבה לסיפורי החיים האישיים של המטופלים שלי.,Agreeableness,FALSE
אני נוטה להסתגר בעצמי כשיש עומס עבודה גדול מדי במחלקה.,Extraversion,TRUE
אני לעולם לא אשתמש בסמכות שלי כדי להשפיל מישהו מתחתיי בדרגה.,Honesty-Humility,FALSE
אני תמיד מתכנן את סדר הפעולות שלי לפני תחילת המשמרת.,Conscientiousness,FALSE
אני מרגיש פגוע מאוד כשאנשים מבקרים את היכולות המקצועיות שלי.,Agreeableness,TRUE
אני נהנה ללמד סטודנטים ומתמחים צעירים את מה שאני יודע.,Extraversion,FALSE
אני תמיד מוודא שכל המכשירים סביבי מכובים ומאובטחים לפני שאני עוזב.,Conscientiousness,FALSE
"אני חושב שיושרה מקצועית חשובה יותר מלהיות ""אהוב"" על כולם.",Honesty-Humility,FALSE
אני מרגיש חסר סבלנות כשאנשים מסביבי מתלוננים על בעיות קטנות.,Agreeableness,TRUE
אני נהנה להציג מקרים רפואיים מול קהל גדול של רופאים.,Extraversion,FALSE
אני תמיד מקפיד לתעד כל פעולה רפואית מיד לאחר ביצועה.,Conscientiousness,FALSE
אני מאמין שכבוד למטופל הוא בסיס הכרחי לכל טיפול מוצלח.,Honesty-Humility,FALSE
אני נוטה להגיב בכעס כשמישהו משבש לי את תוכנית העבודה.,Agreeableness,TRUE
אני מרגיש בשיאי כשאני צריך לנהל כמה משימות במקביל.,Extraversion,FALSE
אני תמיד בודק שהמטופל הבין את ההנחיות שלי עד הסוף.,Conscientiousness,FALSE
אני לעולם לא אסתיר מידע חשוב מהצוות כדי להיראות טוב יותר.,Honesty-Humility,FALSE
אני מוצא את זה קשה להישאר אדיב כלפי אנשים שמתנהגים בבוטות.,Agreeableness,TRUE
אני נהנה לקחת אחריות על מקרים מורכבים שאחרים חוששים מהם.,Extraversion,FALSE
אני תמיד מוודא שכל הכלים בהם השתמשתי חזרו למקומם.,Conscientiousness,FALSE
אני מאמין שחובתו של רופא היא להישאר מעודכן בטכנולוגיות החדשות ביותר.,Conscientiousness,FALSE
אני נוטה להרגיש אשמה אם אני לא מספיק לעזור לכל מי שפנה אליי.,Agreeableness,FALSE
אני מרגיש בנוח לדבר על הנושאים הכי רגישים עם זרים מוחלטים.,Extraversion,FALSE
המדינה צריכה יותר לדאוג לאנשים משכבות חלשות,Agreeableness,FALSE
כשאני מצליח בעבודתי אני מספר זאת לכולם,Extraversion,FALSE
אני מובך לקבל מחמאות,Honesty-Humility,FALSE
אני אוהב מוזיקה רועשת,Extraversion,FALSE
אני אוהב יעדים אקזוטיים,Openness to Experience,FALSE
אני שואף להצליח במה שאני עושה,Conscientiousness,FALSE
אני חושש לנסוע במצבי מזג אוויר קיצוני,Emotionality,FALSE
אני מפחד לגור במקומות מסוכנים,Emotionality,FALSE
חבריי פונים אלי בשעת צרה,Agreeableness,FALSE
הייתי רוצה לטייל בעולם בכדור פורח,Openness to Experience,FALSE
אני עושה מה שהבוס שלי אומר גם אם אני לא מסכים שזה הדבר הנכון,Agreeableness,FALSE
"לא הייתי משתמש בחנופה כדי לקבל העלאה, גם אם חשבתי שזה יצליח",Honesty-Humility,FALSE
לעיתים קרובות כשאני מנסה להשיג מטרה אני דוחף את עצמי קשה מאוד,Conscientiousness,FALSE
"אם אדע שלעולם לא יתפסו אותי, הייתי מוכן לגנוב מיליון דולר",Honesty-Humility,TRUE
אני חושב שמגיע לי יותר כבוד מזה המגיע לאדם הממוצע,Honesty-Humility,TRUE
אני משתדל שלא להעביר ביקורת על אנשים ליד אחרים.,Agreeableness,FALSE
אני נוטה להסכים עם דעת הרוב כדי למנוע ויכוחים מיותרים.,Agreeableness,FALSE
קל לי מאוד להבין ולסלוח לאנשים שטועים.,Agreeableness,FALSE
אני נהנה לעזור לאנשים גם אם זה דורש ממני מאמץ נוסף.,Agreeableness,FALSE
אני תמיד מנסה למצוא את המשותף ביני לבין אנשים שאני פוגש.,Agreeableness,FALSE
אני מעדיף לוותר על הצדק שלי בשביל השקט התעשייתי.,Agreeableness,FALSE
"אני תמיד מדבר ברוגע, גם כשאני מאוד כועס.",Agreeableness,FALSE
אני נוטה להחמיא לאנשים על העבודה הטובה שהם עושים.,Agreeableness,FALSE
אני מוכן להקשיב לבעיות של אחרים במשך זמן רב.,Agreeableness,FALSE
"אני מרגיש רע אם אני צריך להגיד למישהו ""לא"".",Agreeableness,FALSE
אני תמיד מחפש איך לשפר את האווירה בצוות שלי.,Agreeableness,FALSE
אני נוטה להבליג על הערות פוגעניות כדי לא להרוס את הערב.,Agreeableness,FALSE
אני מאמין שרוב האנשים הם טובים מיסודם.,Agreeableness,FALSE
אני תמיד משתדל להיות סבלני עם ילדים או קשישים.,Agreeableness,FALSE
אני נהנה לחלוק את הידע שלי עם אחרים ללא תמורה.,Agreeableness,FALSE
אני מקפיד לרשום כל הוצאה כספית קטנה שלי.,Conscientiousness,FALSE
אני תמיד מוודא שהמפתחות שלי נמצאים באותו מקום קבוע.,Conscientiousness,FALSE
אני נוטה לסיים את המטלות שלי הרבה לפני הדד-ליין.,Conscientiousness,FALSE
אני בודק את המיילים שלי בצורה מסודרת כמה פעמים ביום.,Conscientiousness,FALSE
אני תמיד מכין לעצמי סדר יום כתוב בבוקר.,Conscientiousness,FALSE
אני נוטה להשקיע הרבה מחשבה בארגון הארון שלי.,Conscientiousness,FALSE
"אני תמיד עומד במילה שלי, גם אם זה לא נוח לי.",Conscientiousness,FALSE
אני מקפיד על תזונה מסודרת ושעות שינה קבועות.,Conscientiousness,FALSE
אני תמיד מחזיר ספרים לספרייה בדיוק בזמן.,Conscientiousness,FALSE
אני נוטה לבדוק את לחץ האוויר בגלגלים באופן קבוע.,Conscientiousness,FALSE
אני מרגיש בנוח להנחות ישיבות צוות מורכבות.,Extraversion,FALSE
"אני תמיד האדם שמציע ""לפתוח קבוצת וואטסאפ"" לתיאום.",Extraversion,FALSE
אני נהנה לדבר עם אנשים זרים בזמן המתנה בתור.,Extraversion,FALSE
אני תמיד משתף את החוויות שלי ברשתות החברתיות.,Extraversion,FALSE
אני מרגיש מלא חיים כשאני נמצא במרכז רחבה רוקדת.,Extraversion,FALSE
אני נוטה ליזום שיחות טלפון עם חברים רחוקים.,Extraversion,FALSE
אני תמיד מנסה להרחיב את המעגל החברתי שלי בעבודה.,Extraversion,FALSE
אני מרגיש בנוח לבקש הנחה או הטבה כשאני קונה משהו.,Extraversion,FALSE
אני נהנה להיות זה שמספר את הבדיחות בחבורה.,Extraversion,FALSE
אני תמיד מעדיף פגישות פנים אל פנים על פני התכתבות.,Extraversion,FALSE
"אני לעולם לא אעתיק במבחן, גם אם אין שום סיכוי שייתפסו אותי.",Honesty-Humility,FALSE
אני מרגיש לא בנוח כשמשבחים אותי יותר מדי.,Honesty-Humility,FALSE
"אני תמיד מחזיר עודף שקיבלתי בטעות, גם אם הוא קטן.",Honesty-Humility,FALSE
אני לעולם לא אשתמש בקשרים אישיים כדי לקבל יחס מועדף.,Honesty-Humility,FALSE
"אני חושב שכל האנשים שווים, ללא קשר לתפקידם או עושרם.",Honesty-Humility,FALSE
אני תמיד מודה בטעותי מיד כשאני מגלה אותה.,Honesty-Humility,FALSE
אני לעולם לא אפיץ שמועה על מישהו כדי לפגוע בו.,Honesty-Humility,FALSE
אני מרגיש שאין לי צורך להפגין את העושר שלי מול אחרים.,Honesty-Humility,FALSE
אני תמיד משתדל להיות ישר עם הממונים עלי לגבי הקשיים שלי.,Honesty-Humility,FALSE
"אני לעולם לא אקח משהו שלא שייך לי, גם אם הוא נראה נטוש.",Honesty-Humility,FALSE
אני תמיד מנסה להרגיע רוחות כשיש מתח בצוות הרפואי.,Agreeableness,FALSE
אני נוטה להחמיא לקולגות שלי על הצלחות מקצועיות.,Agreeableness,FALSE
קל לי מאוד להבין מטופלים שמתנהגים בתוקפנות מתוך כאב.,Agreeableness,FALSE
אני תמיד משתדל להיות האדם שיוצר אווירה נעימה במשמרת.,Agreeableness,FALSE
אני נוטה לסלוח מהר גם לאנשים שהפגינו כלפיי חוסר מקצועיות.,Agreeableness,FALSE
"אני תמיד מקשיב בסבלנות לכל טענה, גם אם היא נשמעת לי לא הגיונית.",Agreeableness,FALSE
אני מעדיף לעבוד בשיתוף פעולה מלא מאשר לנסות להוכיח שאני טוב יותר.,Agreeableness,FALSE
אני מרגיש סיפוק כשאני מצליח למנוע ויכוח מיותר בין חברים.,Agreeableness,FALSE
"אני תמיד משתדל לדבר בשפה מכבדת, גם עם אנשים שלא מכבדים אותי.",Agreeableness,FALSE
אני נוטה להבליג על טעויות קטנות של אחרים כדי לא לפגוע בביטחונם.,Agreeableness,FALSE
אני תמיד מוכן להתפשר על הנוחות שלי למען הצלחת הטיפול הקבוצתי.,Agreeableness,FALSE
אני מרגיש רע אם אני נאלץ להעיר למישהו על תפקודו.,Agreeableness,FALSE
אני תמיד מחפש את הדרך העדינה ביותר לבשר בשורה לא נעימה.,Agreeableness,FALSE
אני נוטה לתת אמון מלא באנשים שעובדים איתי עד שיוכח אחרת.,Agreeableness,FALSE
אני תמיד משתדל להיות זה שמחייך ראשון בבוקר לקולגות.,Agreeableness,FALSE
אני מעדיף להימנע מעימותים ישירים בכל מחיר.,Agreeableness,FALSE
אני מרגיש שלכל אדם מגיעה הזדמנות להסביר את עצמו.,Agreeableness,FALSE
אני תמיד מוודא שכל המכשור הרפואי כויל בדיוק לפי ההוראות.,Conscientiousness,FALSE
אני מקפיד לעבור על כל התיק הרפואי של המטופל לפני הפגישה.,Conscientiousness,FALSE
אני נוטה לסיים את כל הדיווחים שלי עוד לפני שהמשמרת נגמרת.,Conscientiousness,FALSE
אני תמיד בודק שוב את האבחנה שלי אם יש לי ספק ולו הקטן ביותר.,Conscientiousness,FALSE
אני מקפיד על סדר מופתי בתיק המקצועי ובשולחן העבודה שלי.,Conscientiousness,FALSE
אני נוטה לתכנן את זמני המנוחה שלי בדיוק כמו את זמני העבודה.,Conscientiousness,FALSE
אני תמיד מוודא שכל המטלות שקיבלתי בוצעו עד הפרט האחרון.,Conscientiousness,FALSE
אני מקפיד להתעדכן בנהלים החדשים של משרד הבריאות מדי שבוע.,Conscientiousness,FALSE
אני נוטה להכין רשימת ציוד מפורטת לפני כל הליך רפואי.,Conscientiousness,FALSE
אני תמיד מוודא שכל המדדים נרשמו בדיוק בזמן אמת.,Conscientiousness,FALSE
אני מקפיד על הופעה חיצונית מסודרת ומקצועית בכל יום עבודה.,Conscientiousness,FALSE
אני נוטה לבדוק את תקינות המלאי במחלקה גם כשזה לא תפקידי.,Conscientiousness,FALSE
אני תמיד מקפיד על הגעה לפגישות 5 דקות לפני הזמן.,Conscientiousness,FALSE
אני נוטה לעקוב אחרי מצב המטופלים שלי גם בימי החופש שלי.,Conscientiousness,FALSE
אני תמיד מוודא שהסביבה הסטרילית נשמרת בקפדנות יתרה.,Conscientiousness,FALSE
אני מקפיד לבצע רישום מדויק של כל חומר רפואי בו השתמשתי.,Conscientiousness,FALSE
אני תמיד בודק שסיכום המחלה כתוב בכתב ברור וקריא לכולם.,Conscientiousness,FALSE
אני מרגיש בנוח לנהל שיחות הסברה מול קהל רחב של מטופלים.,Extraversion,FALSE
אני תמיד האדם הראשון שמציע פתרונות בסיעור מוחות קבוצתי.,Extraversion,FALSE
אני נהנה לייצג את המחלקה שלי בכנסים ואירועים מקצועיים.,Extraversion,FALSE
אני מרגיש מלא מרץ כשאני צריך לעבוד בצוות גדול ותוסס.,Extraversion,FALSE
אני נוטה ליזום שיתופי פעולה עם מחלקות אחרות בבית החולים.,Extraversion,FALSE
אני תמיד מרגיש בטוח ביכולת שלי לשכנע אחרים בצדקת דרכי.,Extraversion,FALSE
אני נהנה להיות זה שמדריך את הסטודנטים החדשים במחלקה.,Extraversion,FALSE
אני מרגיש בנוח להתעמת עם דמויות סמכותיות כשזה לטובת המטופל.,Extraversion,FALSE
אני תמיד מנסה להכניס אנרגיה חיובית לחדר האוכל של הצוות.,Extraversion,FALSE
אני נוטה להיות פעיל מאוד בדיוני קבוצת הוואטסאפ המקצועית.,Extraversion,FALSE
אני מרגיש סיפוק כשאני נבחר להוביל פרויקט מחלקתי חדש.,Extraversion,FALSE
אני נהנה לשאת דברים באירועים חברתיים של הצוות הרפואי.,Extraversion,FALSE
אני תמיד מוצא נושאי שיחה משותפים עם כל אדם שאני פוגש.,Extraversion,FALSE
אני מרגיש בנוח להציג שאלות קשות במהלך הרצאות מקצועיות.,Extraversion,FALSE
אני נהנה להשתתף בראיונות עבודה או ועדות קבלה.,Extraversion,FALSE
אני תמיד משתדל להיות האדם הכי מעורב בשיחות המסדרון.,Extraversion,FALSE
אני מרגיש מלא חיים כשאני נמצא בתנאי עבודה דינמיים ומשתנים.,Extraversion,FALSE
אני נוטה להציע רעיונות לשיפור הגיבוש החברתי בצוות.,Extraversion,FALSE
אני מרגיש בנוח לדבר על ההצלחות שלי מבלי להרגיש מובך.,Extraversion,FALSE
אני נהנה להיות האדם שמקבל את פני המטופלים החדשים.,Extraversion,FALSE
אני תמיד מנסה להפוך את המשמרת ליותר מעניינת עבור כולם.,Extraversion,FALSE
אני מרגיש בטוח ביכולת שלי להרגיע מטופל לחוץ רק בעזרת שיחה.,Extraversion,FALSE
אני נוטה ליזום מפגשים מקצועיים להחלפת ידע עם קולגות.,Extraversion,FALSE
אני נהנה להיות בחברת אנשים שמאתגרים אותי חברתית.,Extraversion,FALSE
אני תמיד משתדל להיות גלוי לב לגבי חוסר הידע שלי בנושא מסוים.,Honesty-Humility,FALSE
אני לעולם לא אקבל קרדיט על עבודה שסטודנט שלי ביצע.,Honesty-Humility,FALSE
"אני מרגיש שכל חבר בצוות, מהמנקה ועד המנהל, ראוי לאותו כבוד.",Honesty-Humility,FALSE
אני תמיד מעדיף לומר את האמת הקשה מאשר להבטיח הבטחות שווא.,Honesty-Humility,FALSE
אני לעולם לא אשתמש בציוד של בית החולים לצרכיי הפרטיים.,Honesty-Humility,FALSE
אני מרגיש שאין לי צורך להוכיח לאף אחד שאני חכם יותר ממנו.,Honesty-Humility,FALSE
"אני תמיד מדווח על טעות שעשיתי, גם אם היא לא גרמה נזק.",Honesty-Humility,FALSE
אני לעולם לא אבקש יחס מועדף בגלל התואר או התפקיד שלי.,Honesty-Humility,FALSE
אני מרגיש סיפוק כשאני מצליח לעזור למישהו מבלי שהוא יידע שזה אני.,Honesty-Humility,FALSE
אני תמיד מוכן ללמוד מאנשים שצעירים ממני או פחות מנוסים ממני.,Honesty-Humility,FALSE
אני לעולם לא אציג נתונים מחקריים בצורה מטעה כדי להוכיח טענה.,Honesty-Humility,FALSE
אני מרגיש שמחובתי להתנצל בפני מטופל אם גרמתי לו להמתין יותר מדי.,Honesty-Humility,FALSE
אני לעולם לא אקבל מתנה ממטופל שעשויה להשפיע על שיקול דעתי.,Honesty-Humility,FALSE
אני מרגיש שצניעות היא הבסיס ללמידה אמיתית לאורך כל החיים.,Honesty-Humility,FALSE
אני תמיד מקפיד לתת קרדיט מלא לכל מי שעזר לי במחקר או בטיפול.,Honesty-Humility,FALSE
אני לעולם לא אשתמש במידע אישי של קולגה כדי לקדם את מעמדי.,Honesty-Humility,FALSE
אני מרגיש שכל הצלחה שלי היא תוצאה של עבודת צוות ולא רק שלי.,Honesty-Humility,FALSE
אני תמיד משתדל להיות כנה לגבי מגבלות הזמן שלי מול המטופלים.,Honesty-Humility,FALSE
אני לעולם לא אעלים עין מהתנהגות לא אתית של חבר לצוות.,Honesty-Humility,FALSE
אני מרגיש נוח להודות בפני המטופל שאין לי תשובה כרגע.,Honesty-Humility,FALSE
אני תמיד מעדיף לשמור על פרופיל נמוך גם כשאני זוכה לשבחים.,Honesty-Humility,FALSE
אני לעולם לא אטען למומחיות בתחום שאינני שולט בו ב-100%.,Honesty-Humility,FALSE
אני מרגיש שהחובה המוסרית שלי היא לשים את טובת האחר לפני טובתי.,Honesty-Humility,FALSE
"אני תמיד משתדל לסיים שיחות ברוח טובה, גם אם לא הסכמנו.",Agreeableness,FALSE
אני מקפיד לבדוק את תוקף הרישיון והביטוח שלי חודש מראש.,Conscientiousness,FALSE
אני נהנה להוביל יוזמות חברתיות חדשות בשכונה או במקום המגורים.,Extraversion,FALSE
אני לעולם לא אנסה להרשים אחרים על ידי המצאת סיפורים שלא קרו.,Honesty-Humility,FALSE
"אני מרגיש שכל אדם, ללא קשר לעושרו, ראוי לאותו זמן תשומת לב ממני.",Honesty-Humility,FALSE
אני תמיד מעדיף לחלוק בקרדיט על הצלחה מאשר לקחת אותו לעצמי.,Honesty-Humility,FALSE
אני לעולם לא אשתמש במידע אישי שגיליתי על מטופל לצרכים חברתיים.,Honesty-Humility,FALSE
אני מאמין שיושרה פנימית היא המצפן הכי חשוב של רופא במצבי לחץ.,Honesty-Humility,FALSE
